id,size,set_a,set_b,overlap_fraction,answer
0,32,"[122, 109, 12, 58, 24, 83, 57, 121, 20, 91, 26, 2, 31, 33, 84, 119, 85, 17, 4, 52, 124, 29, 125, 23, 113, 94, 38, 13, 39, 106, 126, 37]","[26, 40, 103, 72, 70, 98, 20, 23, 86, 88, 18, 31, 53, 94, 35, 74, 109, 4, 52, 3, 50, 69, 106, 12, 114, 24, 37, 64, 17, 85, 126, 113]",0.525,"[4, 12, 17, 20, 23, 24, 26, 31, 37, 52, 85, 94, 106, 109, 113, 126]"
1,32,"[22, 40, 26, 96, 27, 3, 71, 125, 16, 95, 30, 120, 88, 35, 74, 62, 115, 104, 29, 82, 5, 91, 119, 33, 31, 10, 34, 7, 94, 98, 47, 21]","[7, 26, 109, 93, 35, 82, 97, 6, 88, 121, 22, 120, 20, 47, 86, 37, 84, 29, 2, 96, 8, 92, 31, 40, 115, 104, 11, 69, 10, 95, 58, 119]",0.555,"[7, 10, 22, 26, 29, 31, 35, 40, 47, 82, 88, 95, 96, 104, 115, 119, 120]"
2,32,"[31, 23, 28, 97, 63, 40, 76, 45, 110, 108, 123, 49, 88, 13, 121, 58, 79, 124, 19, 95, 14, 126, 18, 116, 22, 71, 75, 119, 20, 94, 32, 57]","[41, 79, 45, 107, 121, 2, 46, 48, 125, 116, 14, 88, 63, 76, 32, 37, 126, 19, 40, 57, 13, 123, 33, 106, 75, 111, 124, 89, 97, 86, 94, 22]",0.649,"[13, 14, 19, 22, 32, 40, 45, 57, 63, 75, 76, 79, 88, 94, 97, 116, 121, 123, 124, 126]"
3,32,"[122, 96, 74, 37, 82, 5, 97, 48, 79, 40, 85, 31, 114, 124, 27, 105, 89, 29, 59, 125, 111, 110, 55, 75, 92, 51, 22, 19, 23, 52, 119, 103]","[92, 19, 3, 105, 85, 42, 89, 70, 52, 27, 84, 51, 122, 55, 75, 65, 107, 124, 9, 74, 96, 101, 104, 82, 31, 59, 119, 103, 40, 29, 33, 5]",0.712,"[5, 19, 27, 29, 31, 40, 51, 52, 55, 59, 74, 75, 82, 85, 89, 92, 96, 103, 105, 119, 122, 124]"
4,32,"[65, 72, 101, 62, 9, 20, 11, 78, 14, 36, 88, 113, 18, 32, 93, 5, 60, 27, 57, 68, 2, 39, 24, 89, 103, 115, 8, 111, 22, 108, 23, 98]","[73, 9, 5, 88, 22, 35, 111, 12, 75, 76, 97, 39, 78, 103, 101, 8, 18, 20, 32, 52, 92, 36, 19, 68, 23, 27, 24, 114, 104, 2, 83, 67]",0.607,"[2, 5, 8, 9, 18, 20, 22, 23, 24, 27, 32, 36, 39, 68, 78, 88, 101, 103, 111]"
5,32,"[110, 28, 64, 25, 67, 105, 77, 115, 65, 84, 19, 69, 41, 86, 91, 61, 119, 93, 23, 97, 8, 12, 101, 94, 48, 90, 76, 20, 108, 59, 126, 44]","[93, 51, 115, 20, 65, 64, 77, 19, 49, 63, 126, 25, 94, 12, 84, 108, 120, 89, 2, 83, 119, 101, 91, 5, 48, 100, 23, 86, 59, 28, 44, 69]",0.737,"[12, 19, 20, 23, 25, 28, 44, 48, 59, 64, 65, 69, 77, 84, 86, 91, 93, 94, 101, 108, 115, 119, 126]"
6,32,"[115, 109, 35, 87, 79, 9, 64, 43, 63, 38, 52, 66, 36, 108, 51, 71, 31, 45, 125, 65, 73, 14, 59, 124, 32, 80, 117, 39, 58, 77, 24, 102]","[74, 90, 68, 33, 124, 87, 93, 108, 91, 9, 32, 92, 26, 40, 79, 125, 114, 36, 37, 1, 71, 48, 39, 119, 73, 35, 63, 117, 45, 3, 51, 13]",0.531,"[9, 32, 35, 36, 39, 45, 51, 63, 71, 73, 79, 87, 108, 117, 124, 125]"
7,32,"[29, 15, 114, 55, 57, 54, 47, 123, 20, 64, 83, 82, 6, 26, 80, 53, 14, 60, 116, 88, 67, 92, 3, 96, 4, 97, 61, 119, 75, 102, 72, 2]","[53, 32, 16, 15, 34, 116, 102, 5, 4, 20, 37, 82, 35, 38, 90, 83, 61, 50, 55, 64, 72, 97, 2, 120, 92, 6, 57, 76, 60, 75, 119, 67]",0.663,"[2, 4, 6, 15, 20, 53, 55, 57, 60, 61, 64, 67, 72, 75, 82, 83, 92, 97, 102, 116, 119]"
8,32,"[23, 91, 125, 39, 41, 47, 78, 44, 10, 14, 40, 85, 57, 64, 12, 122, 71, 118, 51, 63, 107, 87, 117, 123, 21, 79, 86, 17, 62, 120, 70, 74]","[8, 81, 74, 46, 70, 39, 67, 92, 71, 58, 113, 34, 111, 123, 79, 6, 43, 44, 21, 96, 85, 11, 120, 63, 86, 33, 7, 117, 91, 76, 23, 41]",0.518,"[21, 23, 39, 41, 44, 63, 70, 71, 74, 79, 85, 86, 91, 117, 120, 123]"
9,32,"[35, 127, 20, 11, 122, 111, 63, 24, 37, 80, 28, 110, 77, 56, 113, 103, 104, 48, 115, 95, 8, 75, 73, 26, 39, 61, 32, 55, 50, 123, 94, 17]","[35, 33, 127, 56, 95, 29, 119, 14, 94, 76, 48, 122, 11, 24, 6, 2, 63, 70, 78, 61, 111, 37, 3, 68, 4, 74, 102, 90, 43, 100, 93, 118]",0.428,"[11, 24, 35, 37, 48, 56, 61, 63, 94, 95, 111, 122, 127]"
10,32,"[43, 26, 55, 73, 27, 99, 14, 122, 23, 109, 66, 67, 10, 64, 3, 35, 81, 96, 13, 108, 78, 105, 50, 1, 92, 68, 106, 126, 113, 31, 40, 62]","[91, 40, 26, 27, 64, 84, 6, 10, 126, 47, 54, 97, 56, 80, 79, 21, 2, 94, 127, 50, 67, 59, 43, 123, 23, 18, 13, 71, 3, 81, 66, 92]",0.498,"[3, 10, 13, 23, 26, 27, 40, 43, 50, 64, 66, 67, 81, 92, 126]"
11,32,"[49, 96, 31, 42, 57, 23, 37, 45, 74, 107, 120, 0, 61, 90, 46, 48, 41, 62, 80, 111, 11, 85, 7, 102, 72, 55, 113, 83, 30, 79, 69, 81]","[102, 0, 97, 65, 79, 50, 58, 110, 78, 44, 3, 41, 61, 86, 14, 111, 42, 99, 60, 126, 17, 84, 101, 5, 69, 7, 115, 90, 20, 80, 12, 119]",0.354,"[0, 7, 41, 42, 61, 69, 79, 80, 90, 102, 111]"
12,32,"[62, 111, 96, 40, 126, 44, 106, 25, 17, 120, 30, 123, 78, 2, 15, 121, 42, 109, 58, 98, 97, 82, 90, 95, 112, 34, 14, 65, 54, 70, 68, 71]","[96, 49, 39, 103, 118, 58, 101, 111, 87, 56, 127, 66, 64, 13, 100, 75, 97, 34, 65, 60, 26, 4, 85, 8, 120, 124, 78, 45, 63, 28, 71, 40]",0.337,"[34, 40, 58, 65, 71, 78, 96, 97, 111, 120]"
13,32,"[49, 63, 71, 52, 109, 33, 10, 59, 73, 69, 37, 47, 75, 60, 94, 110, 19, 22, 70, 101, 26, 88, 93, 95, 23, 121, 3, 38, 32, 82, 1, 18]","[3, 6, 60, 117, 67, 70, 48, 99, 68, 79, 86, 13, 94, 71, 27, 91, 108, 120, 59, 87, 39, 75, 118, 24, 69, 83, 55, 93, 121, 12, 4, 53]",0.322,"[3, 59, 60, 69, 70, 71, 75, 93, 94, 121]"
14,32,"[28, 39, 8, 50, 23, 52, 103, 14, 127, 31, 11, 70, 100, 0, 106, 6, 97, 82, 1, 32, 72, 16, 18, 105, 110, 37, 46, 58, 60, 21, 38, 63]","[106, 14, 0, 70, 34, 58, 104, 105, 75, 72, 74, 2, 43, 8, 27, 90, 114, 28, 63, 32, 31, 103, 21, 85, 102, 6, 10, 39, 18, 52, 60, 95]",0.622,"[0, 6, 8, 14, 18, 21, 28, 31, 32, 39, 52, 58, 60, 63, 70, 72, 103, 105, 106]"
15,32,"[93, 115, 97, 69, 50, 6, 5, 98, 34, 92, 67, 113, 65, 51, 10, 94, 29, 55, 35, 106, 77, 125, 33, 16, 38, 57, 73, 25, 105, 100, 41, 80]","[38, 50, 55, 67, 6, 23, 40, 77, 5, 73, 51, 120, 15, 98, 94, 92, 97, 52, 33, 21, 10, 20, 1, 114, 123, 28, 64, 102, 116, 25, 18, 105]",0.56,"[5, 6, 10, 25, 33, 38, 50, 51, 55, 67, 73, 77, 92, 94, 97, 98, 105]"
16,32,"[88, 66, 118, 82, 71, 112, 113, 24, 123, 92, 57, 11, 97, 106, 2, 63, 10, 40, 42, 31, 47, 73, 19, 84, 39, 15, 77, 64, 33, 12, 18, 55]","[41, 3, 77, 26, 1, 84, 52, 81, 105, 112, 93, 11, 46, 57, 55, 123, 12, 113, 30, 15, 35, 119, 63, 40, 66, 31, 92, 10, 118, 106, 85, 8]",0.592,"[10, 11, 12, 15, 31, 40, 55, 57, 63, 66, 77, 84, 92, 106, 112, 113, 118, 123]"
17,32,"[71, 8, 108, 123, 10, 77, 66, 3, 7, 28, 58, 92, 114, 72, 11, 59, 16, 18, 6, 33, 54, 22, 119, 52, 94, 126, 117, 25, 80, 127, 31, 95]","[47, 126, 77, 106, 68, 1, 28, 8, 97, 7, 56, 33, 41, 44, 90, 55, 63, 110, 120, 59, 54, 39, 22, 5, 103, 101, 107, 53, 122, 83, 98, 48]",0.307,"[7, 8, 22, 28, 33, 54, 59, 77, 126]"
18,32,"[38, 30, 6, 96, 126, 124, 92, 40, 102, 103, 70, 53, 26, 64, 61, 110, 27, 34, 43, 18, 81, 11, 65, 48, 72, 14, 39, 16, 19, 111, 55, 94]","[64, 77, 2, 53, 93, 95, 126, 111, 61, 18, 30, 40, 94, 22, 26, 20, 73, 34, 39, 92, 16, 103, 110, 96, 38, 27, 124, 72, 32, 45, 65, 6]",0.737,"[6, 16, 18, 26, 27, 30, 34, 38, 39, 40, 53, 61, 64, 65, 72, 92, 94, 96, 103, 110, 111, 124, 126]"
19,32,"[35, 97, 105, 13, 77, 11, 4, 71, 1, 53, 10, 88, 95, 14, 116, 75, 30, 6, 70, 12, 79, 38, 114, 63, 83, 26, 124, 59, 96, 60, 104, 103]","[105, 74, 67, 82, 80, 33, 64, 5, 127, 102, 36, 113, 10, 79, 49, 77, 114, 46, 42, 19, 45, 70, 6, 107, 15, 116, 120, 75, 100, 9, 87, 78]",0.303,"[6, 10, 70, 75, 77, 79, 105, 114, 116]"
20,32,"[23, 115, 74, 120, 48, 56, 4, 105, 101, 27, 58, 24, 70, 112, 15, 98, 45, 109, 75, 2, 102, 49, 33, 111, 20, 17, 85, 87, 60, 77, 97, 50]","[23, 7, 15, 49, 98, 96, 101, 112, 46, 17, 4, 74, 27, 75, 24, 102, 41, 8, 105, 117, 55, 50, 11, 73, 20, 18, 120, 77, 79, 31, 116, 88]",0.585,"[4, 15, 17, 20, 23, 24, 27, 49, 50, 74, 75, 77, 98, 101, 102, 105, 112, 120]"
21,32,"[110, 63, 43, 42, 75, 115, 46, 81, 72, 117, 29, 95, 57, 86, 69, 111, 98, 9, 114, 97, 14, 41, 124, 33, 17, 48, 19, 120, 103, 47, 64, 12]","[5, 107, 115, 35, 41, 97, 92, 63, 20, 95, 109, 118, 14, 17, 86, 98, 2, 76, 54, 42, 117, 127, 85, 49, 57, 55, 37, 69, 80, 110, 59, 9]",0.486,"[9, 14, 17, 41, 42, 57, 63, 69, 86, 95, 97, 98, 110, 115, 117]"
22,32,"[93, 127, 121, 55, 53, 120, 119, 6, 45, 117, 26, 50, 3, 106, 66, 85, 51, 52, 92, 43, 77, 70, 60, 17, 88, 114, 27, 16, 33, 64, 67, 98]","[120, 86, 75, 67, 51, 88, 45, 70, 60, 53, 92, 47, 52, 29, 117, 55, 64, 7, 77, 42, 30, 0, 16, 43, 22, 101, 26, 27, 93, 106, 99, 17]",0.68,"[16, 17, 26, 27, 43, 45, 51, 52, 53, 55, 60, 64, 67, 70, 77, 88, 92, 93, 106, 117, 120]"
23,32,"[54, 123, 70, 74, 95, 101, 112, 86, 13, 12, 23, 3, 114, 121, 50, 106, 126, 103, 122, 34, 26, 109, 22, 120, 72, 7, 63, 44, 52, 9, 1, 104]","[44, 10, 118, 76, 124, 37, 69, 24, 116, 27, 13, 122, 32, 74, 25, 51, 5, 54, 4, 2, 58, 113, 120, 43, 57, 1, 59, 119, 106, 92, 110, 98]",0.266,"[1, 13, 44, 54, 74, 106, 120, 122]"
24,32,"[76, 38, 46, 102, 53, 72, 0, 124, 9, 52, 111, 69, 55, 109, 108, 1, 23, 13, 104, 95, 125, 21, 2, 47, 96, 127, 64, 85, 91, 110, 63, 5]","[74, 0, 80, 31, 92, 33, 30, 4, 20, 24, 104, 100, 69, 45, 73, 44, 8, 22, 35, 79, 113, 64, 28, 38, 109, 99, 26, 122, 84, 120, 55, 127]",0.262,"[0, 38, 55, 64, 69, 104, 109, 127]"
25,32,"[57, 50, 110, 49, 125, 75, 111, 23, 12, 79, 101, 116, 29, 43, 89, 103, 72, 16, 92, 109, 34, 11, 76, 61, 3, 51, 26, 47, 82, 9, 115, 99]","[126, 0, 15, 113, 49, 73, 19, 65, 60, 34, 120, 85, 106, 95, 40, 54, 3, 110, 32, 76, 123, 35, 18, 13, 20, 127, 82, 97, 80, 23, 99, 11]",0.283,"[3, 11, 23, 34, 49, 76, 82, 99, 110]"
26,32,"[91, 35, 59, 55, 101, 66, 7, 115, 119, 111, 126, 67, 12, 42, 45, 110, 24, 21, 120, 85, 121, 102, 37, 43, 124, 79, 69, 81, 64, 94, 105, 100]","[35, 51, 34, 55, 16, 61, 41, 126, 43, 50, 90, 74, 7, 112, 12, 120, 22, 91, 89, 116, 59, 21, 110, 69, 85, 111, 45, 37, 17, 65, 79, 2]",0.544,"[7, 12, 21, 35, 37, 43, 45, 55, 59, 69, 79, 85, 91, 110, 111, 120, 126]"
27,32,"[53, 0, 4, 68, 67, 51, 5, 18, 20, 2, 87, 118, 127, 107, 35, 109, 84, 62, 41, 59, 75, 28, 22, 100, 38, 17, 14, 48, 79, 119, 11, 88]","[38, 17, 105, 34, 25, 20, 113, 103, 120, 45, 54, 11, 107, 36, 124, 73, 51, 60, 50, 16, 22, 1, 118, 55, 79, 101, 7, 59, 29, 68, 27, 95]",0.373,"[11, 17, 20, 22, 38, 51, 59, 68, 79, 107, 118]"
28,32,"[57, 49, 9, 123, 124, 113, 54, 25, 45, 42, 44, 32, 121, 72, 125, 98, 73, 68, 28, 37, 99, 21, 34, 64, 101, 63, 97, 105, 47, 1, 119, 39]","[8, 59, 9, 22, 39, 124, 98, 95, 123, 113, 35, 53, 101, 117, 111, 48, 17, 28, 44, 34, 118, 5, 63, 54, 71, 125, 42, 55, 21, 99, 66, 104]",0.53,"[9, 21, 28, 34, 39, 42, 44, 54, 63, 98, 99, 101, 113, 123, 124, 125]"
29,32,"[96, 37, 82, 30, 56, 125, 3, 83, 75, 107, 61, 71, 4, 50, 54, 90, 29, 52, 116, 112, 43, 65, 31, 108, 113, 114, 49, 124, 34, 46, 2, 27]","[52, 121, 91, 117, 10, 93, 51, 15, 30, 89, 96, 46, 78, 125, 37, 53, 70, 23, 107, 83, 49, 2, 35, 85, 116, 101, 86, 17, 112, 73, 60, 71]",0.417,"[2, 30, 37, 46, 49, 52, 71, 83, 96, 107, 112, 116, 125]"
30,32,"[39, 21, 3, 29, 78, 58, 98, 106, 20, 11, 59, 26, 107, 121, 37, 68, 94, 123, 126, 103, 41, 113, 89, 122, 33, 102, 75, 51, 54, 91, 105, 0]","[98, 2, 58, 94, 11, 87, 102, 122, 45, 81, 76, 30, 92, 29, 36, 68, 123, 89, 0, 26, 107, 59, 41, 72, 116, 113, 86, 125, 85, 38, 14, 112]",0.531,"[0, 11, 26, 29, 41, 58, 59, 68, 89, 94, 98, 102, 107, 113, 122, 123]"
31,32,"[70, 41, 21, 66, 96, 58, 23, 83, 98, 76, 106, 67, 19, 102, 38, 107, 125, 18, 64, 121, 84, 82, 3, 111, 53, 112, 74, 22, 72, 43, 2, 37]","[106, 9, 122, 69, 59, 11, 75, 21, 49, 67, 0, 109, 111, 53, 83, 54, 19, 37, 14, 35, 22, 80, 60, 102, 123, 98, 38, 70, 76, 101, 124, 121]",0.477,"[19, 21, 22, 37, 38, 53, 67, 70, 76, 83, 98, 102, 106, 111, 121]"
32,32,"[45, 51, 69, 104, 91, 56, 32, 96, 65, 66, 99, 101, 31, 111, 34, 68, 89, 18, 72, 57, 2, 64, 15, 63, 35, 108, 10, 122, 105, 86, 112, 47]","[64, 29, 47, 77, 59, 10, 68, 92, 118, 35, 19, 52, 54, 4, 93, 16, 67, 32, 79, 110, 56, 104, 96, 101, 108, 117, 48, 99, 89, 25, 115, 36]",0.427,"[10, 32, 35, 47, 56, 64, 68, 89, 96, 99, 101, 104, 108]"
33,32,"[8, 125, 4, 59, 83, 95, 27, 15, 2, 6, 51, 84, 121, 1, 92, 120, 29, 18, 114, 36, 39, 38, 107, 72, 101, 89, 123, 37, 93, 94, 78, 9]","[127, 8, 41, 63, 16, 75, 55, 83, 81, 17, 19, 73, 114, 60, 104, 6, 37, 26, 42, 90, 84, 98, 1, 66, 20, 91, 126, 124, 49, 38, 69, 88]",0.255,"[1, 6, 8, 37, 38, 83, 84, 114]"
34,32,"[124, 92, 76, 25, 5, 44, 75, 73, 43, 79, 126, 88, 61, 22, 96, 9, 95, 28, 84, 66, 11, 24, 97, 106, 42, 7, 109, 53, 26, 18, 63, 74]","[35, 73, 0, 28, 120, 34, 63, 7, 116, 68, 36, 96, 38, 44, 16, 43, 39, 23, 9, 55, 124, 56, 3, 53, 58, 70, 113, 57, 125, 77, 11, 37]",0.348,"[7, 9, 11, 28, 43, 44, 53, 63, 73, 96, 124]"
35,32,"[75, 80, 20, 2, 69, 98, 38, 116, 84, 87, 65, 50, 105, 94, 70, 26, 48, 88, 56, 121, 102, 123, 35, 3, 95, 22, 93, 30, 47, 51, 5, 10]","[75, 87, 106, 69, 77, 5, 98, 76, 116, 11, 68, 41, 93, 38, 10, 36, 94, 48, 22, 118, 19, 1, 115, 120, 117, 55, 26, 20, 43, 3, 50, 102]",0.552,"[3, 5, 10, 20, 22, 26, 38, 48, 50, 69, 75, 87, 93, 94, 98, 102, 116]"
36,32,"[34, 73, 53, 98, 49, 124, 123, 9, 43, 93, 96, 81, 52, 95, 79, 86, 31, 117, 107, 68, 105, 37, 114, 126, 25, 14, 56, 17, 62, 10, 110, 8]","[0, 114, 110, 8, 49, 37, 23, 68, 10, 113, 46, 81, 56, 1, 89, 48, 86, 17, 101, 29, 41, 95, 25, 96, 98, 102, 124, 123, 120, 16, 14, 117]",0.613,"[8, 10, 14, 17, 25, 37, 49, 56, 68, 81, 86, 95, 96, 98, 110, 114, 117, 123, 124]"
37,32,"[115, 107, 95, 42, 65, 126, 36, 91, 70, 40, 125, 11, 71, 75, 17, 44, 105, 15, 28, 2, 80, 77, 5, 98, 69, 119, 88, 108, 121, 117, 76, 49]","[82, 50, 93, 20, 100, 19, 67, 75, 103, 27, 21, 78, 69, 63, 52, 120, 48, 71, 6, 40, 5, 80, 95, 36, 17, 121, 77, 125, 51, 113, 112, 47]",0.379,"[5, 17, 36, 40, 69, 71, 75, 77, 80, 95, 121, 125]"
38,32,"[55, 49, 117, 70, 50, 108, 24, 125, 81, 82, 30, 73, 74, 119, 38, 42, 10, 15, 124, 77, 68, 91, 126, 94, 27, 97, 95, 41, 51, 109, 54, 67]","[60, 80, 47, 63, 31, 123, 68, 69, 85, 73, 125, 11, 67, 97, 6, 114, 124, 119, 58, 117, 10, 0, 82, 23, 15, 94, 101, 81, 61, 71, 59, 33]",0.41,"[10, 15, 67, 68, 73, 81, 82, 94, 97, 117, 119, 124, 125]"
39,32,"[61, 55, 88, 34, 1, 16, 104, 107, 56, 38, 49, 10, 25, 70, 15, 79, 77, 118, 102, 41, 43, 112, 86, 8, 7, 110, 28, 125, 120, 42, 113, 72]","[27, 3, 31, 110, 1, 104, 77, 41, 50, 122, 36, 23, 80, 88, 117, 91, 63, 43, 61, 120, 42, 113, 19, 86, 87, 38, 0, 10, 102, 107, 34, 105]",0.552,"[1, 10, 34, 38, 41, 42, 43, 61, 77, 86, 88, 102, 104, 107, 110, 113, 120]"
40,32,"[120, 95, 26, 35, 55, 36, 122, 124, 32, 1, 76, 127, 107, 94, 104, 69, 75, 115, 73, 18, 4, 64, 119, 9, 84, 40, 89, 90, 101, 54, 53, 79]","[110, 104, 75, 16, 95, 12, 122, 69, 127, 93, 4, 90, 9, 54, 124, 79, 27, 64, 101, 48, 32, 40, 94, 76, 28, 116, 35, 37, 73, 120, 119, 107]",0.74,"[4, 9, 32, 35, 40, 54, 64, 69, 73, 75, 76, 79, 90, 94, 95, 101, 104, 107, 119, 120, 122, 124, 127]"
41,32,"[64, 73, 102, 117, 53, 93, 10, 66, 6, 49, 57, 51, 16, 40, 52, 87, 7, 107, 101, 35, 0, 45, 41, 12, 15, 85, 114, 42, 112, 63, 69, 18]","[73, 84, 106, 15, 119, 113, 32, 124, 43, 6, 108, 105, 115, 101, 95, 109, 60, 69, 97, 80, 127, 22, 110, 107, 112, 67, 18, 55, 102, 7, 99, 111]",0.327,"[6, 7, 15, 18, 69, 73, 101, 102, 107, 112]"
42,32,"[19, 73, 34, 8, 38, 71, 109, 14, 114, 49, 62, 1, 107, 120, 105, 81, 46, 108, 76, 112, 110, 78, 111, 116, 117, 77, 26, 43, 17, 67, 124, 60]","[115, 59, 105, 41, 96, 126, 65, 124, 81, 40, 112, 103, 113, 120, 114, 117, 77, 5, 48, 110, 76, 60, 97, 63, 111, 88, 73, 17, 8, 108, 45, 62]",0.542,"[8, 17, 60, 62, 73, 76, 77, 81, 105, 108, 110, 111, 112, 114, 117, 120, 124]"
43,32,"[12, 92, 82, 51, 61, 70, 48, 96, 87, 24, 91, 107, 79, 58, 11, 84, 89, 23, 66, 108, 21, 47, 37, 49, 75, 127, 56, 27, 0, 26, 35, 53]","[92, 79, 48, 43, 59, 91, 35, 37, 95, 18, 67, 97, 61, 19, 21, 124, 58, 108, 127, 26, 53, 64, 56, 107, 72, 12, 46, 96, 69, 66, 114, 70]",0.618,"[12, 21, 26, 35, 37, 48, 53, 56, 58, 61, 66, 70, 79, 91, 92, 96, 107, 108, 127]"
44,32,"[72, 2, 19, 61, 125, 120, 42, 10, 77, 5, 3, 75, 80, 87, 122, 70, 100, 11, 14, 118, 94, 23, 124, 69, 30, 126, 51, 110, 13, 12, 82, 85]","[92, 87, 120, 51, 6, 5, 49, 124, 83, 10, 122, 99, 91, 106, 125, 66, 96, 19, 2, 75, 115, 0, 109, 76, 62, 17, 110, 65, 4, 15, 30, 61]",0.456,"[2, 5, 10, 19, 30, 51, 61, 75, 87, 110, 120, 122, 124, 125]"
45,32,"[61, 25, 96, 39, 83, 105, 19, 50, 6, 9, 115, 41, 117, 8, 68, 29, 108, 56, 13, 126, 110, 51, 101, 80, 14, 121, 82, 89, 120, 113, 77, 127]","[79, 19, 90, 126, 57, 65, 52, 113, 81, 60, 39, 33, 45, 104, 121, 37, 34, 111, 18, 6, 61, 123, 95, 92, 38, 74, 98, 4, 8, 54, 109, 83]",0.302,"[6, 8, 19, 39, 61, 83, 113, 121, 126]"
46,32,"[37, 22, 45, 78, 112, 62, 73, 32, 14, 123, 38, 36, 90, 95, 0, 56, 101, 108, 15, 10, 8, 69, 54, 93, 83, 44, 49, 94, 53, 34, 60, 80]","[9, 73, 15, 53, 112, 80, 123, 22, 44, 36, 60, 83, 93, 101, 95, 37, 21, 45, 69, 65, 12, 10, 43, 1, 49, 38, 51, 108, 32, 90, 85, 20]",0.723,"[10, 15, 22, 32, 36, 37, 38, 44, 45, 49, 53, 60, 69, 73, 80, 83, 90, 93, 95, 101, 108, 112, 123]"
47,32,"[3, 99, 50, 21, 27, 6, 19, 8, 41, 37, 81, 44, 58, 18, 14, 51, 35, 49, 31, 78, 109, 48, 123, 122, 55, 15, 39, 17, 104, 70, 46, 38]","[21, 122, 31, 51, 16, 100, 109, 112, 35, 78, 72, 18, 45, 113, 41, 74, 37, 58, 8, 99, 27, 82, 62, 15, 81, 19, 3, 38, 104, 108, 92, 44]",0.682,"[3, 8, 15, 18, 19, 21, 27, 31, 35, 37, 38, 41, 44, 51, 58, 78, 81, 99, 104, 109, 122]"
48,32,"[7, 61, 10, 113, 55, 39, 102, 12, 52, 41, 67, 74, 29, 116, 68, 92, 1, 47, 8, 13, 32, 11, 126, 31, 26, 21, 80, 6, 64, 127, 89, 115]","[16, 119, 85, 89, 68, 5, 38, 39, 126, 67, 92, 51, 64, 10, 98, 12, 70, 40, 94, 125, 62, 6, 7, 31, 61, 102, 13, 47, 54, 9, 78, 58]",0.507,"[6, 7, 10, 12, 13, 31, 39, 47, 61, 64, 67, 68, 89, 92, 102, 126]"
49,32,"[24, 108, 29, 23, 46, 122, 97, 11, 42, 14, 124, 22, 32, 52, 76, 39, 27, 101, 121, 48, 31, 26, 28, 9, 20, 12, 86, 68, 93, 82, 66, 73]","[91, 97, 11, 111, 51, 108, 64, 56, 81, 9, 32, 54, 78, 14, 33, 55, 98, 38, 65, 39, 109, 36, 26, 114, 0, 87, 104, 83, 68, 16, 74, 34]",0.298,"[9, 11, 14, 26, 32, 39, 68, 97, 108]"
50,32,"[70, 111, 54, 95, 82, 120, 84, 41, 13, 113, 42, 110, 27, 89, 20, 31, 52, 64, 73, 34, 28, 58, 43, 38, 10, 36, 85, 127, 53, 60, 80, 25]","[127, 104, 72, 77, 25, 9, 95, 3, 38, 78, 75, 81, 68, 13, 82, 43, 12, 20, 37, 115, 110, 53, 10, 69, 50, 123, 60, 30, 58, 18, 120, 89]",0.497,"[10, 13, 20, 25, 38, 43, 53, 58, 60, 82, 89, 95, 110, 120, 127]"
51,32,"[70, 37, 57, 58, 91, 124, 13, 87, 72, 117, 44, 114, 21, 42, 52, 14, 73, 4, 103, 76, 110, 27, 79, 105, 86, 49, 98, 28, 11, 116, 89, 3]","[37, 121, 68, 10, 51, 104, 123, 77, 31, 107, 35, 105, 126, 24, 53, 29, 109, 89, 61, 60, 74, 26, 127, 34, 11, 72, 82, 49, 91, 79, 58, 116]",0.341,"[11, 37, 49, 58, 72, 79, 89, 91, 105, 116]"
52,32,"[71, 126, 83, 101, 59, 38, 17, 114, 74, 112, 124, 2, 90, 82, 20, 113, 14, 39, 0, 61, 100, 66, 26, 12, 109, 104, 120, 89, 63, 87, 85, 11]","[100, 55, 11, 40, 24, 113, 12, 54, 58, 27, 68, 9, 105, 37, 62, 80, 47, 102, 95, 16, 48, 109, 82, 61, 96, 60, 107, 77, 65, 89, 84, 15]",0.279,"[11, 12, 61, 82, 89, 100, 109, 113]"
53,32,"[115, 81, 47, 18, 57, 58, 19, 118, 44, 11, 37, 51, 46, 55, 13, 43, 49, 92, 84, 23, 75, 99, 83, 89, 26, 97, 7, 17, 64, 80, 113, 93]","[3, 99, 80, 33, 44, 81, 93, 111, 89, 23, 26, 113, 118, 2, 48, 60, 43, 75, 46, 112, 64, 95, 13, 55, 7, 47, 57, 1, 37, 18, 84, 51]",0.741,"[7, 13, 18, 23, 26, 37, 43, 44, 46, 47, 51, 55, 57, 64, 75, 80, 81, 84, 89, 93, 99, 113, 118]"
54,32,"[118, 13, 55, 105, 81, 76, 36, 9, 5, 91, 85, 30, 16, 126, 62, 89, 33, 46, 69, 15, 71, 67, 106, 37, 38, 101, 3, 0, 2, 59, 97, 79]","[10, 58, 70, 42, 78, 95, 52, 15, 0, 37, 110, 126, 55, 117, 113, 105, 100, 33, 4, 65, 22, 125, 101, 31, 81, 60, 118, 127, 12, 102, 83, 84]",0.332,"[0, 15, 33, 37, 55, 81, 101, 105, 118, 126]"
55,32,"[125, 100, 109, 70, 122, 56, 20, 118, 45, 53, 24, 65, 11, 2, 84, 75, 50, 71, 61, 51, 92, 78, 17, 28, 115, 36, 81, 101, 8, 7, 38, 35]","[75, 58, 125, 27, 117, 34, 22, 127, 32, 38, 68, 8, 63, 30, 93, 11, 1, 37, 53, 41, 107, 28, 115, 70, 23, 118, 18, 36, 71, 56, 84, 90]",0.45,"[8, 11, 28, 36, 38, 53, 56, 70, 71, 75, 84, 115, 118, 125]"
56,32,"[19, 99, 118, 68, 60, 104, 106, 115, 50, 113, 48, 5, 26, 29, 16, 23, 75, 109, 77, 15, 127, 45, 0, 107, 38, 28, 64, 4, 51, 96, 20, 27]","[106, 12, 110, 77, 4, 115, 96, 74, 26, 30, 79, 27, 104, 13, 47, 51, 85, 60, 28, 73, 53, 48, 45, 82, 109, 31, 6, 127, 0, 16, 50, 103]",0.592,"[0, 4, 16, 26, 27, 28, 45, 48, 50, 51, 60, 77, 96, 104, 106, 109, 115, 127]"
57,32,"[49, 8, 86, 105, 9, 70, 87, 84, 102, 126, 80, 7, 82, 118, 79, 31, 41, 114, 3, 89, 14, 19, 16, 56, 120, 52, 119, 92, 61, 50, 40, 11]","[45, 96, 103, 26, 105, 61, 115, 82, 66, 40, 69, 65, 42, 17, 123, 70, 89, 25, 36, 88, 11, 15, 54, 108, 53, 47, 48, 28, 62, 74, 110, 41]",0.263,"[11, 40, 41, 61, 70, 82, 89, 105]"
58,32,"[127, 35, 75, 120, 65, 111, 122, 60, 46, 52, 103, 67, 28, 96, 106, 47, 33, 113, 8, 117, 23, 18, 86, 31, 37, 56, 49, 40, 78, 62, 50, 44]","[122, 118, 28, 2, 103, 17, 15, 107, 0, 102, 36, 113, 23, 124, 40, 62, 18, 56, 80, 111, 35, 21, 47, 74, 8, 54, 16, 39, 20, 44, 85, 73]",0.466,"[8, 18, 23, 28, 35, 40, 44, 47, 56, 62, 103, 111, 113, 122]"
59,32,"[93, 100, 51, 3, 28, 80, 54, 103, 50, 122, 114, 52, 56, 109, 69, 14, 0, 8, 19, 108, 125, 118, 62, 91, 6, 66, 17, 98, 25, 1, 85, 40]","[52, 69, 118, 56, 92, 51, 85, 25, 122, 80, 1, 110, 50, 32, 27, 16, 49, 105, 37, 8, 98, 93, 40, 127, 34, 86, 17, 26, 64, 28, 62, 91]",0.597,"[1, 8, 17, 25, 28, 40, 50, 51, 52, 56, 62, 69, 80, 85, 91, 93, 98, 118, 122]"
60,32,"[51, 33, 1, 59, 5, 77, 70, 58, 13, 57, 123, 19, 6, 45, 14, 36, 39, 101, 62, 25, 104, 81, 64, 48, 4, 55, 79, 108, 61, 11, 66, 40]","[45, 127, 80, 46, 82, 49, 26, 81, 71, 55, 112, 5, 6, 67, 64, 114, 25, 54, 85, 39, 61, 88, 79, 99, 94, 78, 113, 58, 40, 126, 84, 100]",0.387,"[5, 6, 25, 39, 40, 45, 55, 58, 61, 64, 79, 81]"
61,32,"[98, 82, 24, 81, 102, 75, 21, 94, 32, 116, 30, 66, 119, 13, 123, 71, 16, 90, 68, 47, 55, 69, 7, 0, 38, 72, 28, 103, 40, 59, 54, 8]","[95, 114, 111, 37, 86, 71, 113, 110, 103, 60, 75, 82, 109, 124, 58, 98, 40, 17, 28, 32, 121, 92, 85, 14, 80, 61, 55, 8, 1, 117, 15, 64]",0.339,"[8, 28, 32, 40, 55, 71, 75, 82, 98, 103]"
62,32,"[1, 127, 97, 74, 42, 6, 104, 10, 16, 14, 46, 121, 75, 61, 90, 81, 53, 2, 36, 33, 63, 31, 107, 100, 88, 58, 85, 79, 11, 103, 119, 9]","[119, 11, 2, 89, 107, 1, 33, 19, 121, 36, 127, 8, 97, 5, 12, 53, 50, 16, 46, 125, 74, 6, 88, 4, 9, 85, 31, 90, 61, 58, 116, 79]",0.729,"[1, 2, 6, 9, 11, 16, 31, 33, 36, 46, 53, 58, 61, 74, 79, 85, 88, 90, 97, 107, 119, 121, 127]"
63,32,"[105, 51, 82, 35, 89, 118, 112, 93, 25, 1, 48, 83, 91, 27, 110, 40, 101, 30, 18, 11, 92, 86, 53, 117, 63, 7, 115, 76, 14, 26, 121, 97]","[116, 63, 7, 70, 105, 25, 39, 75, 120, 18, 67, 56, 51, 35, 68, 83, 111, 82, 66, 89, 121, 6, 86, 14, 109, 8, 0, 112, 4, 103, 93, 26]",0.53,"[7, 14, 18, 25, 26, 35, 51, 63, 82, 83, 86, 89, 93, 105, 112, 121]"
64,32,"[120, 62, 51, 52, 103, 30, 110, 69, 125, 67, 55, 122, 61, 12, 114, 83, 26, 65, 50, 85, 45, 3, 111, 93, 16, 102, 84, 27, 11, 63, 54, 88]","[20, 101, 62, 111, 110, 81, 67, 61, 65, 26, 23, 12, 22, 51, 56, 126, 16, 105, 118, 58, 50, 122, 97, 54, 103, 123, 88, 115, 69, 84, 63, 75]",0.574,"[12, 16, 26, 50, 51, 54, 61, 62, 63, 65, 67, 69, 84, 88, 103, 110, 111, 122]"
65,32,"[99, 118, 15, 57, 121, 19, 106, 113, 18, 43, 93, 66, 64, 125, 25, 59, 46, 81, 2, 62, 50, 82, 75, 1, 44, 71, 29, 13, 112, 80, 8, 6]","[4, 46, 57, 98, 23, 82, 21, 106, 63, 119, 76, 29, 20, 51, 71, 121, 59, 73, 62, 103, 44, 81, 35, 6, 113, 84, 2, 115, 80, 107, 66, 99]",0.547,"[2, 6, 29, 44, 46, 57, 59, 62, 66, 71, 80, 81, 82, 99, 106, 113, 121]"
66,32,"[19, 126, 109, 120, 40, 60, 30, 80, 118, 0, 106, 127, 53, 50, 55, 20, 45, 27, 125, 66, 67, 100, 114, 46, 38, 3, 83, 54, 70, 63, 84, 58]","[63, 54, 117, 102, 71, 53, 27, 106, 78, 55, 90, 120, 112, 114, 38, 70, 122, 118, 50, 83, 31, 20, 80, 58, 65, 52, 37, 45, 77, 84, 109, 125]",0.643,"[20, 27, 38, 45, 50, 53, 54, 55, 58, 63, 70, 80, 83, 84, 106, 109, 114, 118, 120, 125]"
67,32,"[111, 86, 48, 104, 25, 70, 114, 14, 19, 44, 6, 55, 51, 103, 46, 58, 21, 18, 84, 88, 122, 35, 85, 3, 73, 113, 23, 30, 126, 33, 45, 67]","[63, 30, 10, 113, 111, 28, 35, 58, 43, 84, 33, 104, 51, 73, 106, 21, 24, 110, 97, 108, 101, 18, 3, 89, 23, 14, 70, 19, 25, 45, 122, 37]",0.649,"[3, 14, 18, 19, 21, 23, 25, 30, 33, 35, 45, 51, 58, 70, 73, 84, 104, 111, 113, 122]"
68,32,"[71, 46, 97, 44, 11, 29, 67, 4, 116, 38, 47, 105, 64, 77, 35, 25, 99, 83, 126, 7, 39, 108, 31, 27, 84, 37, 121, 22, 18, 51, 100, 19]","[60, 67, 71, 70, 25, 48, 29, 4, 99, 117, 101, 102, 16, 105, 35, 30, 126, 27, 56, 59, 23, 5, 86, 121, 32, 22, 125, 13, 97, 116, 96, 100]",0.47,"[4, 22, 25, 27, 29, 35, 67, 71, 97, 99, 100, 105, 116, 121, 126]"
69,32,"[103, 94, 110, 93, 40, 107, 22, 35, 10, 76, 32, 115, 44, 1, 48, 125, 123, 79, 66, 16, 37, 47, 82, 6, 95, 108, 0, 62, 56, 25, 7, 99]","[121, 4, 79, 47, 82, 107, 21, 118, 63, 112, 94, 76, 71, 115, 110, 116, 119, 10, 56, 25, 93, 0, 78, 44, 64, 31, 39, 62, 37, 108, 81, 27]",0.532,"[0, 10, 25, 37, 44, 47, 56, 62, 76, 79, 82, 93, 94, 107, 108, 110, 115]"
70,32,"[55, 77, 89, 32, 2, 14, 109, 103, 10, 58, 60, 45, 68, 23, 61, 12, 91, 16, 30, 124, 99, 83, 1, 41, 101, 71, 5, 3, 34, 46, 6, 85]","[10, 6, 119, 89, 109, 0, 110, 5, 91, 16, 127, 99, 125, 79, 27, 13, 23, 12, 47, 33, 124, 2, 61, 32, 67, 60, 1, 88, 74, 58, 82, 45]",0.574,"[1, 2, 5, 6, 10, 12, 16, 23, 32, 45, 58, 60, 61, 89, 91, 99, 109, 124]"
71,32,"[65, 13, 126, 22, 107, 14, 47, 23, 32, 117, 61, 40, 49, 80, 76, 94, 3, 38, 29, 72, 109, 12, 68, 87, 26, 33, 37, 48, 85, 53, 99, 50]","[22, 117, 10, 38, 103, 12, 86, 87, 69, 114, 80, 62, 71, 2, 99, 73, 53, 78, 100, 98, 113, 85, 102, 51, 77, 28, 0, 70, 27, 35, 75, 44]",0.286,"[12, 22, 38, 53, 80, 85, 87, 99, 117]"
72,32,"[27, 125, 21, 31, 120, 45, 12, 111, 87, 22, 90, 95, 26, 80, 1, 102, 52, 40, 114, 76, 46, 110, 9, 57, 63, 96, 123, 55, 108, 25, 59, 109]","[73, 90, 120, 109, 26, 27, 9, 55, 71, 114, 80, 39, 87, 121, 67, 40, 1, 123, 13, 97, 103, 77, 64, 110, 107, 11, 63, 88, 102, 62, 53, 119]",0.526,"[1, 9, 26, 27, 40, 55, 63, 80, 87, 90, 102, 109, 110, 114, 120, 123]"
73,32,"[51, 124, 104, 73, 107, 41, 8, 29, 47, 90, 89, 69, 94, 115, 50, 4, 13, 108, 22, 117, 63, 71, 15, 106, 80, 103, 23, 53, 111, 112, 24, 32]","[111, 91, 117, 76, 13, 125, 97, 26, 40, 80, 53, 32, 71, 45, 106, 63, 41, 94, 22, 90, 112, 107, 120, 12, 116, 23, 124, 115, 8, 33, 47, 104]",0.667,"[8, 13, 22, 23, 32, 41, 47, 53, 63, 71, 80, 90, 94, 104, 106, 107, 111, 112, 115, 117, 124]"
74,32,"[3, 117, 52, 88, 103, 31, 94, 96, 85, 35, 39, 34, 124, 15, 106, 37, 107, 111, 19, 47, 76, 20, 118, 109, 0, 43, 97, 56, 44, 11, 89, 70]","[124, 54, 8, 69, 37, 111, 3, 65, 13, 36, 80, 127, 63, 84, 118, 79, 70, 85, 34, 73, 43, 1, 109, 53, 78, 24, 101, 92, 19, 113, 97, 104]",0.395,"[3, 19, 34, 37, 43, 70, 85, 97, 109, 111, 118, 124]"
75,32,"[64, 4, 66, 13, 29, 47, 26, 94, 111, 103, 48, 36, 30, 22, 99, 77, 101, 108, 93, 119, 31, 76, 121, 55, 78, 71, 68, 67, 32, 86, 60, 46]","[43, 60, 100, 26, 70, 121, 44, 29, 73, 30, 77, 118, 96, 49, 88, 42, 57, 20, 32, 66, 86, 2, 61, 126, 34, 125, 17, 68, 89, 79, 76, 116]",0.351,"[26, 29, 30, 32, 60, 66, 68, 76, 77, 86, 121]"
76,32,"[41, 72, 33, 64, 26, 119, 23, 86, 55, 62, 87, 66, 93, 120, 49, 9, 88, 108, 81, 73, 2, 121, 36, 69, 92, 12, 84, 78, 54, 47, 37, 35]","[39, 113, 75, 43, 21, 9, 22, 54, 91, 93, 71, 2, 52, 57, 98, 60, 100, 29, 64, 42, 116, 68, 97, 86, 120, 17, 111, 126, 69, 82, 5, 101]",0.25,"[2, 9, 54, 64, 69, 86, 93, 120]"
77,32,"[61, 76, 87, 27, 25, 122, 11, 99, 107, 86, 29, 36, 13, 115, 113, 9, 94, 47, 95, 31, 51, 77, 65, 56, 28, 91, 33, 53, 48, 68, 80, 19]","[27, 104, 99, 80, 51, 112, 38, 109, 102, 15, 76, 22, 57, 77, 6, 65, 35, 52, 54, 45, 5, 87, 49, 126, 33, 50, 114, 17, 122, 40, 36, 59]",0.358,"[27, 33, 36, 51, 65, 76, 77, 80, 87, 99, 122]"
78,32,"[8, 54, 83, 23, 3, 122, 33, 101, 110, 25, 97, 43, 31, 84, 7, 86, 10, 46, 87, 1, 16, 52, 127, 73, 55, 59, 116, 85, 112, 4, 80, 94]","[54, 9, 16, 75, 11, 39, 64, 123, 46, 83, 86, 84, 43, 74, 53, 40, 88, 116, 110, 51, 25, 52, 4, 72, 89, 109, 31, 76, 85, 23, 100, 55]",0.513,"[4, 16, 23, 25, 31, 43, 46, 52, 54, 55, 83, 84, 85, 86, 110, 116]"
79,32,"[70, 38, 24, 62, 118, 16, 94, 111, 75, 105, 78, 36, 58, 107, 33, 77, 64, 57, 31, 13, 41, 43, 115, 27, 32, 39, 2, 11, 0, 93, 109, 21]","[28, 45, 106, 125, 39, 11, 111, 91, 93, 78, 10, 62, 86, 63, 75, 107, 70, 83, 61, 92, 27, 31, 112, 89, 95, 58, 57, 52, 110, 68, 32, 82]",0.438,"[11, 27, 31, 32, 39, 57, 58, 62, 70, 75, 78, 93, 107, 111]"
80,32,"[19, 39, 94, 95, 47, 24, 107, 77, 44, 117, 75, 6, 97, 108, 22, 37, 13, 123, 88, 115, 20, 40, 59, 73, 99, 112, 98, 8, 60, 65, 30, 11]","[10, 112, 92, 20, 111, 82, 31, 73, 25, 28, 126, 57, 100, 51, 4, 45, 47, 88, 13, 42, 39, 44, 117, 46, 1, 7, 116, 113, 41, 105, 96, 77]",0.314,"[13, 20, 39, 44, 47, 73, 77, 88, 112, 117]"
81,32,"[115, 72, 81, 90, 79, 124, 73, 102, 80, 34, 3, 100, 101, 17, 18, 1, 67, 0, 48, 84, 95, 24, 16, 113, 97, 63, 11, 44, 99, 45, 29, 106]","[97, 43, 6, 24, 71, 70, 99, 3, 110, 20, 32, 120, 48, 59, 112, 78, 82, 72, 106, 18, 67, 117, 58, 96, 118, 121, 116, 123, 5, 79, 127, 25]",0.335,"[3, 18, 24, 48, 67, 72, 79, 97, 99, 106]"
82,32,"[49, 57, 102, 16, 48, 61, 114, 26, 2, 99, 104, 17, 12, 1, 96, 24, 82, 60, 85, 107, 84, 53, 113, 93, 9, 71, 6, 11, 75, 35, 10, 122]","[15, 105, 122, 78, 26, 21, 41, 39, 82, 66, 107, 72, 32, 117, 65, 16, 42, 113, 125, 115, 73, 9, 31, 17, 53, 84, 6, 27, 49, 37, 110, 60]",0.424,"[6, 9, 16, 17, 26, 49, 53, 60, 82, 84, 107, 113, 122]"
83,32,"[25, 123, 10, 41, 117, 42, 100, 35, 89, 18, 62, 90, 64, 20, 127, 119, 45, 73, 80, 106, 125, 29, 124, 44, 93, 68, 76, 60, 81, 87, 61, 79]","[124, 60, 56, 54, 107, 37, 102, 25, 73, 29, 41, 68, 8, 10, 15, 35, 110, 67, 42, 58, 11, 93, 97, 78, 45, 122, 106, 108, 114, 49, 18, 81]",0.49,"[10, 18, 25, 29, 35, 41, 42, 45, 60, 68, 73, 81, 93, 106, 124]"
84,32,"[47, 112, 119, 81, 44, 121, 55, 53, 50, 31, 89, 95, 61, 5, 17, 13, 78, 2, 124, 114, 41, 74, 122, 62, 34, 120, 33, 51, 101, 67, 117, 19]","[61, 53, 47, 6, 33, 34, 95, 8, 110, 107, 76, 79, 42, 118, 96, 26, 122, 44, 51, 73, 112, 13, 62, 38, 106, 80, 67, 101, 52, 41, 63, 123]",0.469,"[13, 33, 34, 41, 44, 47, 51, 53, 61, 62, 67, 95, 101, 112, 122]"
85,32,"[61, 97, 41, 81, 40, 68, 33, 106, 39, 2, 60, 55, 52, 74, 99, 63, 78, 38, 90, 83, 43, 92, 4, 72, 101, 26, 98, 46, 28, 13, 84, 114]","[4, 78, 74, 33, 119, 110, 62, 40, 6, 116, 61, 38, 99, 46, 22, 34, 59, 41, 18, 51, 124, 97, 14, 30, 117, 92, 0, 75, 44, 2, 114, 115]",0.467,"[2, 4, 33, 38, 40, 41, 46, 61, 74, 78, 92, 97, 99, 114]"
86,32,"[51, 92, 54, 126, 31, 63, 88, 56, 38, 0, 12, 111, 62, 37, 121, 59, 85, 100, 13, 83, 114, 2, 75, 81, 91, 93, 32, 15, 103, 94, 122, 120]","[126, 3, 24, 107, 71, 54, 38, 81, 121, 108, 27, 96, 83, 66, 0, 4, 100, 73, 36, 43, 94, 40, 104, 5, 113, 49, 116, 47, 77, 44, 56, 117]",0.334,"[0, 38, 54, 56, 81, 83, 94, 100, 121, 126]"
87,32,"[119, 91, 51, 86, 116, 93, 98, 34, 28, 124, 8, 81, 61, 29, 25, 56, 21, 40, 39, 66, 85, 125, 55, 2, 52, 72, 78, 109, 63, 90, 88, 108]","[30, 114, 49, 22, 124, 21, 1, 116, 65, 6, 117, 63, 89, 119, 78, 80, 58, 96, 81, 23, 55, 71, 60, 19, 3, 43, 118, 39, 109, 53, 29, 46]",0.345,"[21, 29, 39, 55, 63, 78, 81, 109, 116, 119, 124]"
88,32,"[9, 25, 31, 10, 127, 41, 85, 66, 110, 35, 63, 99, 48, 21, 3, 7, 34, 120, 12, 14, 114, 124, 108, 69, 56, 17, 23, 118, 84, 26, 68, 33]","[33, 85, 3, 65, 63, 21, 37, 49, 90, 1, 94, 55, 99, 35, 114, 73, 9, 53, 107, 10, 86, 25, 5, 0, 120, 59, 61, 50, 48, 68, 17, 110]",0.506,"[3, 9, 10, 17, 21, 25, 33, 35, 48, 63, 68, 85, 99, 110, 114, 120]"
89,32,"[14, 81, 42, 119, 17, 99, 116, 109, 125, 96, 22, 8, 94, 21, 43, 124, 35, 93, 122, 54, 74, 15, 50, 101, 1, 36, 59, 31, 73, 51, 0, 76]","[42, 59, 24, 77, 22, 120, 35, 18, 70, 123, 1, 84, 69, 25, 38, 122, 10, 15, 92, 47, 65, 46, 90, 3, 74, 124, 36, 29, 58, 64, 50, 103]",0.344,"[1, 15, 22, 35, 36, 42, 50, 59, 74, 122, 124]"
90,32,"[66, 119, 41, 49, 96, 75, 123, 110, 29, 55, 58, 106, 86, 83, 51, 81, 35, 91, 71, 109, 116, 59, 105, 85, 10, 102, 39, 7, 14, 1, 97, 28]","[96, 33, 14, 53, 109, 71, 51, 88, 85, 99, 42, 30, 63, 122, 114, 74, 66, 123, 110, 126, 0, 106, 43, 22, 55, 97, 58, 7, 57, 5, 60, 59]",0.474,"[7, 14, 51, 55, 58, 59, 66, 71, 85, 96, 97, 106, 109, 110, 123]"
91,32,"[4, 47, 66, 112, 60, 121, 110, 8, 63, 27, 56, 113, 5, 59, 119, 52, 16, 79, 83, 26, 100, 28, 76, 102, 18, 96, 48, 72, 104, 98, 70, 58]","[52, 76, 79, 47, 92, 8, 107, 59, 126, 110, 56, 7, 119, 30, 16, 104, 5, 66, 100, 75, 113, 23, 60, 4, 112, 58, 10, 70, 85, 98, 114, 27]",0.711,"[4, 5, 8, 16, 27, 47, 52, 56, 58, 59, 60, 66, 70, 76, 79, 98, 100, 104, 110, 112, 113, 119]"
92,32,"[70, 121, 51, 81, 110, 23, 67, 86, 79, 50, 31, 21, 16, 15, 75, 57, 125, 11, 41, 61, 71, 69, 9, 4, 5, 7, 29, 91, 92, 54, 126, 3]","[108, 66, 39, 110, 25, 67, 57, 70, 103, 63, 60, 7, 50, 69, 54, 26, 20, 53, 32, 104, 61, 99, 120, 72, 121, 117, 109, 73, 81, 3, 71, 84]",0.433,"[3, 7, 50, 54, 57, 61, 67, 69, 70, 71, 81, 110, 121]"
93,32,"[94, 69, 82, 61, 18, 25, 73, 111, 24, 7, 71, 47, 90, 43, 98, 110, 13, 103, 63, 64, 68, 27, 37, 88, 30, 120, 50, 1, 123, 92, 29, 116]","[19, 12, 62, 92, 57, 11, 58, 68, 116, 76, 34, 46, 29, 78, 6, 9, 126, 54, 99, 13, 7, 0, 98, 111, 42, 51, 17, 117, 61, 107, 33, 50]",0.335,"[7, 13, 29, 50, 61, 68, 92, 98, 111, 116]"
94,32,"[82, 57, 80, 38, 81, 66, 59, 25, 97, 73, 119, 24, 116, 21, 8, 60, 88, 39, 30, 33, 96, 22, 123, 101, 61, 93, 118, 90, 20, 83, 55, 69]","[83, 88, 91, 20, 104, 79, 107, 48, 5, 117, 28, 8, 63, 106, 127, 6, 77, 51, 22, 126, 30, 43, 14, 103, 66, 115, 38, 95, 118, 98, 46, 69]",0.315,"[8, 20, 22, 30, 38, 66, 69, 83, 88, 118]"
95,32,"[88, 53, 41, 106, 28, 57, 100, 81, 39, 42, 32, 78, 20, 68, 31, 124, 102, 61, 27, 94, 117, 101, 67, 105, 34, 97, 82, 120, 125, 113, 73, 87]","[78, 39, 28, 20, 55, 30, 21, 117, 94, 38, 51, 10, 102, 76, 89, 113, 96, 1, 57, 27, 112, 42, 34, 67, 32, 59, 124, 45, 2, 125, 115, 108]",0.511,"[20, 27, 28, 32, 34, 39, 42, 57, 67, 78, 94, 102, 113, 117, 124, 125]"
96,32,"[68, 37, 22, 12, 29, 39, 51, 32, 5, 44, 60, 19, 54, 2, 20, 24, 104, 53, 97, 9, 58, 47, 23, 41, 7, 81, 6, 124, 30, 72, 108, 91]","[19, 11, 29, 45, 98, 31, 37, 112, 107, 3, 16, 23, 12, 97, 6, 121, 53, 63, 95, 22, 54, 46, 62, 94, 39, 79, 110, 126, 60, 34, 75, 108]",0.42,"[6, 12, 19, 22, 23, 29, 37, 39, 53, 54, 60, 97, 108]"
97,32,"[37, 126, 83, 95, 19, 24, 116, 84, 125, 85, 87, 18, 71, 5, 77, 76, 75, 88, 49, 103, 57, 27, 9, 3, 40, 58, 45, 64, 39, 54, 53, 7]","[62, 36, 37, 89, 123, 5, 49, 13, 7, 6, 71, 119, 110, 65, 103, 40, 111, 10, 115, 77, 98, 67, 18, 84, 45, 64, 68, 4, 126, 12, 19, 99]",0.468,"[5, 7, 18, 19, 37, 40, 45, 49, 64, 71, 77, 84, 103, 126]"
98,32,"[33, 4, 12, 57, 92, 120, 62, 44, 10, 54, 8, 5, 49, 85, 67, 55, 97, 38, 20, 126, 47, 71, 48, 65, 46, 53, 119, 72, 45, 43, 61, 77]","[72, 117, 55, 48, 65, 64, 83, 99, 67, 20, 61, 53, 33, 75, 2, 126, 56, 94, 103, 120, 51, 6, 92, 26, 121, 4, 18, 31, 17, 11, 80, 49]",0.456,"[4, 20, 33, 48, 49, 53, 55, 61, 65, 67, 72, 92, 120, 126]"
99,32,"[88, 96, 19, 108, 82, 34, 79, 78, 126, 119, 13, 2, 56, 65, 111, 24, 28, 52, 91, 35, 40, 62, 74, 63, 49, 39, 125, 121, 45, 116, 20, 72]","[43, 102, 20, 119, 18, 41, 28, 79, 13, 0, 7, 126, 88, 72, 57, 39, 66, 74, 80, 48, 124, 2, 12, 51, 77, 21, 56, 78, 62, 40, 35, 91]",0.54,"[2, 13, 20, 28, 35, 39, 40, 56, 62, 72, 74, 78, 79, 88, 91, 119, 126]"
